lon,lat,height_above_datum
-156.5767649822227,71.35026038015077,0.5568955151312756
-156.57683793182844,71.35008253373829,-0.06696680448053116
-156.5834969191041,71.33408039490199,-0.3079417123723068
-156.58357093806444,71.33390259554005,-0.18709945239814227
-156.58364544876474,71.33372481725722,-0.12547300599617212
-156.5837202203371,71.33354704994768,-0.027849455861846558
-156.58379517953767,71.33336929088595,0.0680903957120724
-156.58387025423832,71.33319153630683,0.11735198001567368
-156.58394537098548,71.33301378384881,0.1648425662110082
-156.58402043680383,71.33283602919443,0.17177186788364965
-156.5840954473988,71.33265827185953,0.1691722121318967
-156.58417034565866,71.33248050999175,0.20136951611905948
-156.58424498332818,71.33230273725084,0.24910989045782136
-156.58431927654044,71.33212495005955,0.25947292852097975
-156.5843931900913,71.33194714678196,0.2608372535289252
-156.5844667138066,71.33176932674736,0.2567374569463453
-156.58453992888627,71.33159149379709,0.27387058648664997
-156.58461263641914,71.3314136395389,0.301658405364427
-156.58468479472918,71.33123576213114,0.3243199820484098
-156.5847568651527,71.33105788078666,0.40036589240011705
-156.5848291243807,71.33088000767403,0.479794475541005
-156.5849017727263,71.33070215088347,0.555549870357316
-156.58497493968923,71.33052431629893,0.6015995066480553
-156.58504867911904,71.33034650576381,0.6374412540554586
-156.5851233063171,71.33016873253088,0.7118839296758033
-156.58519893560288,71.32999100199551,0.8024136857015367
-156.5852752160306,71.32981329909055,0.8448204643205036
-156.58535184484617,71.32963561111846,0.8531489524182111
-156.585428669134,71.329457931092,0.9031279996407025
-156.5855055182119,71.32928025243055,0.9887863349058107
-156.5855822530272,71.32910256910851,1.0488718915541153
-156.58565862982778,71.32892487027603,1.1013045389395033
-156.58573444592332,71.32874714774232,1.15671146414489
-156.58580973379378,71.32856940291698,1.2277663277678341
-156.58588455238714,71.32839163867368,1.3092896838275594
-156.58595890363495,71.32821385410574,1.374238298954383
-156.586032811719,71.32803605073477,1.4247559645321264
-156.58610632352566,71.32785823116333,1.4941087654415632
-156.58617949311656,71.32768039694761,1.5921036684189354
-156.5862523682709,71.32750255036426,1.6664362579155738
-156.5863250517899,71.32732469555816,1.6910219250838732
-156.5863976607401,71.32714683738695,1.6917235675274147
-156.58647028442255,71.32696898035022,1.6745633369900714
-156.58654299850105,71.32679112695948,1.651867107254986
-156.58661585995287,71.32661327958586,1.648013004619486
-156.67742627929908,71.32916742588374,-0.2514180538351106
-156.58668898507574,71.32643544380653,1.663830838907541
-156.67749569126772,71.3289894455836,0.7098716223624019
-156.5867625163865,71.326257625132,1.7051853034479671
-156.67756522394086,71.32881147030233,1.6923493724926622
-156.58683636990065,71.32607981958019,1.7403008884616054
-156.6776356826781,71.32863353380141,2.0627106779637137
-156.58691042420253,71.32590202305158,1.7407723753577282
-156.58698464741133,71.32572423370728,1.7175143381651758
-156.58705901981284,71.32554645120776,1.689066690750153
-156.67785284219548,71.32809996631342,1.8670456134080604
-156.58713355517955,71.32536867487693,1.704999194584606
-156.67792744362464,71.32792220317972,1.7259488723373235
-156.58720816675884,71.32519090172985,1.702354041516106
-156.6780035285842,71.32774450211664,1.62073078241052
-156.58728259700894,71.32501312109285,1.6797296866689135
-156.67808097157342,71.32756685785736,1.4774071354613745
-156.5873570316843,71.32483534075764,1.6852045431598501
-156.67815837998717,71.32738921217249,1.3992092079035856
-156.58743180471424,71.32465757469022,1.6765152087073671
-156.67823531395192,71.32721154668363,1.378621306298253
-156.58750698015444,71.32447982559216,1.6773144218208427
-156.6783114481384,71.32703384777297,1.4396583923899833
-156.58758260914618,71.32430209584456,1.6942796669143083
-156.67838622852514,71.32685609225037,1.3762990804325266
-156.5876586512062,71.32412438359256,1.7168524554647457
-156.67846004912298,71.32667829662819,1.2070202615225492
-156.58773514810463,71.32394669073476,1.7198331015179715
-156.67853110853207,71.32650038551509,1.1331718313180137
-156.5878125241834,71.32376903514086,1.7204448133472223
-156.6786000855716,71.32632238732036,1.238626029300992
-156.58789046602982,71.32359140360127,1.76022610254906
-156.67866835554946,71.32614435961163,1.1923718219261557
-156.58796816306807,71.32341376129399,1.7803494015459387
-156.67873650571636,71.32596632688818,1.1104734825627853
-156.58804535393512,71.32323609773454,1.7488199058276497
-156.67880497700247,71.32578830762618,0.9664138898748278
-156.58812184331504,71.32305840468395,1.7389651541726063
-156.67887405359784,71.32561031369717,0.8813645620492793
-156.5881974228721,71.32288067316567,1.798990196496672
-156.67894366828716,71.32543234230043,1.0378281771794458
-156.58827219478218,71.32270290766463,1.8262094546725829
-156.67901535113975,71.32525445750385,1.2731360709742177
-156.58834511869026,71.32252506363933,1.7823664943893196
-156.58841647366222,71.32234715312987,1.7658609711780315
-156.5884874895603,71.3221692282007,1.768891583054175
-156.6792413056843,71.32472125900182,1.293883432970497
-156.5885585506834,71.32199130545848,1.7921307715956667
-156.67931737442336,71.32454355783064,1.0434572822517914
-156.58863000748465,71.32181339970462,1.7982957037371046
-156.67939329909143,71.32436585051798,1.0307673914586082
-156.58870211400074,71.32163552072724,1.7948572467683688
-156.67946919323333,71.32418814194304,1.0392036564100244
-156.58877497659944,71.32145767435547,1.819114168467344
-156.67954380813245,71.32401037985629,0.7755264801231134
-156.58884967201448,71.32127990575994,1.8417124429663254
-156.67961720510084,71.3238325669091,0.3983414438856678
-156.58892610211933,71.32110221044842,1.8702606844842606
-156.67969040891518,71.32365474588345,0.018514099908027777
-156.58900298299346,71.32092453423752,1.870701191104063
-156.67976371076332,71.32347692897231,-0.2313286006609713
-156.58907989897773,71.32074685934094,1.8604327004433887
-156.67983729763546,71.32329912401502,-0.34242761960533885
-156.5891565052708,71.32056917148536,1.8859545607761192
-156.67991133278883,71.32312133782285,-0.43032929207569914
-156.58923248262823,71.3203914569672,1.8788686743364649
-156.6799857631225,71.32294356817965,-0.4627284677245126
-156.58930769442765,71.32021371017699,1.8481251780562395
-156.58938128863144,71.32003589499506,1.820284655643697
-156.5894531341438,71.31985800586212,1.8235449531413424
-156.58952420875778,71.31968008378674,1.840076893699484
-156.58959486597143,71.31950214434661,1.8269318304714326
-156.58966541888708,71.31932420045918,1.8293263683853502
-156.58973614700824,71.3191462640395,1.8688751814480016
-156.5898072378924,71.31896834323048,1.8666718855095406
-156.58987922638056,71.31879046004232,1.812555147637494
-156.58995233418995,71.31861262416031,1.8224210986114933
-156.59002619011784,71.31843482021662,1.8448470664770422
-156.5901006722264,71.31825704280195,1.8497287351823661
-156.59017563251922,71.31807928563231,1.8579542700165208
-156.59025093822459,71.31790154306185,1.8151277554319343
-156.590326396583,71.31772380690015,1.8269371215841903
-156.59040197886986,71.31754607615454,1.8623066920415148
-156.59047754934613,71.31736834513181,1.8453905418723064
-156.5905527870567,71.31719059989636,1.8352725390692006
-156.59062749966637,71.31701283214842,1.826643971310263
-156.59070159151565,71.31683503828701,1.8215779534955394
-156.59077500663835,71.31665721594482,1.8214687827345328
-156.5908478493066,71.31647936931667,1.8130870437009923
-156.59091968027303,71.3163014797904,1.7992325514432461
-156.59099047248435,71.31612354664043,1.8331180592201286
-156.5910609241821,71.31594559891712,1.8596381274748512
-156.59113153282044,71.31576765775947,1.8627244279376334
-156.5912025913666,71.31558973602515,1.9166628024602128
-156.59127433794458,71.3154118430039,1.9580717698446644
-156.59134681757,71.31523398108072,1.9772017543555198
-156.59142065701496,71.31505617710374,2.030509004953306
-156.59149621342146,71.31487844561204,2.062596251737473
-156.59157281054127,71.31470075807981,2.0711004859319884
-156.59164978414697,71.31452308655449,2.104758753412658
-156.59172682067242,71.31434541796045,2.102818785478544
-156.59180363331097,71.31416773969423,2.071918811958083
-156.59188007726772,71.31399004575889,2.09941567279617
-156.59195556123882,71.31381231133037,2.1578891249653043
-156.59202965543182,71.31363451806021,2.1830089244580804
-156.59210282829434,71.31345668590579,2.206194674316454
-156.592175642469,71.31327883847304,2.2866619366566745
-156.59224829790378,71.31310098430008,2.3411076341469585
-156.592320992588,71.31292313197594,2.3341113288840636
-156.59239383278896,71.31274528590362,2.3432675577544946
-156.59246718131647,71.31256746117357,2.355383771230925
-156.5925414466464,71.312389675314,2.35725750420326
-156.59261632564204,71.31221191589107,2.3984697788736473
-156.59269140781385,71.31203416458668,2.4755259286605624
-156.59276656313682,71.31185641640464,2.565710871795922
-156.59284165080248,71.31167866535951,2.651010931999624
-156.59291655759705,71.31150090673677,2.7335198456032077
-156.59299112489117,71.31132313389519,2.911167333090801
-156.59306508448503,71.31114533520976,3.109518862459941
-156.5931385344423,71.31096751502335,3.2615606121460243
-156.5932116787626,71.31078968212975,3.3575572988587714
-156.59328458373898,71.31061183897766,3.3333519930724766
-156.59335733329038,71.310433989023,3.3746948826602226
-156.59343003302178,71.31025613727364,3.5515726987177687
-156.5935027596538,71.3100782867975,3.7144705232524102
-156.5935755771912,71.3099004399506,3.830286661265356
-156.5936485943629,71.30972260149645,3.907688505575743
-156.59372189810279,71.30954477551688,3.9213446801782137
-156.59379557616217,71.30936696520966,3.9189623952530046
-156.59386965819454,71.30918917222547,3.9005482825688076
-156.59394414462622,71.30901139605322,3.8281926739644403
-156.59401904488936,71.30883363749221,3.8256946882952096
-156.5940945073761,71.30865590292426,3.8762890984818448
-156.59417043419018,71.30847818803169,3.913419141203212
-156.59424651570805,71.30830047962039,3.924292928849669
-156.5943226216961,71.30812277228189,3.8923125109612284
-156.59439862434056,71.30794506066853,3.8273119430672553
-156.59447441264922,71.30776733964892,3.6839599576995696
-156.59454991255245,71.30758960697602,3.5612545806552287
-156.5946248740043,71.30741185147686,3.4567746330596174
-156.5946992530678,71.30723407100801,3.337337086946845
-156.59477327812874,71.30705627543432,3.187086073440556
-156.59484702049895,71.30687846833014,3.0024141585030364
-156.5949205362798,71.30670065161426,2.8240068497592206
-156.59499388336445,71.30652282753826,2.657390917048111
-156.59506709746336,71.30634499823394,2.519067673620532
-156.59514039295368,71.30616717221375,2.3546629167792097
-156.59521381389948,71.30598935144951,2.2030981259752607
-156.59528718996546,71.30581152915968,2.128189855146666
-156.59536048785037,71.3056337031687,2.0596612269735477
-156.59543369930014,71.30545587351844,2.005624183744264
-156.59550682699347,71.30527804060632,1.9977010629911345
-156.59557990902476,71.30510020578306,1.9911552942724455
-156.6862763864999,71.30765084943448,0.9602184410950244
-156.59565281830544,71.30492236359625,2.048365573804261
-156.59572556409142,71.3047445141871,2.1892653104247346
-156.59579839893377,71.30456666851308,2.312803647881201
-156.59587143217982,71.3043888319417,2.38349582232147
-156.68656985179598,71.3069396010789,2.7354926283442196
-156.5959447583718,71.30421100773067,2.4046829400377825
-156.68664310900704,71.30676178453592,2.810762143724433
-156.59601840380037,71.30403319679412,2.3939869531002107
-156.68671616620946,71.30658395959156,3.005371520921564
-156.59609244531487,71.3038554023499,2.2946510190594145
-156.68678856846623,71.30640610726888,3.4142235742764715
-156.59616697356512,71.30367762894092,1.979915822339492
-156.59624198644235,71.30349987573146,1.5250254032262207
-156.5963173823908,71.30332213909196,1.1232309636177369
-156.5963930348745,71.30314441351683,0.8196557506500929
-156.68707143263333,71.30569441610017,2.880461457629381
-156.5964688494551,71.30296669427001,0.6216629690762013
-156.68714300559748,71.3055165292349,2.331434531600498
-156.59654473403225,71.30278897856945,0.5336300175146299
-156.6872149058604,71.30533865607146,1.995245867958343
-156.59662056591867,71.30261126034634,0.4706997400184429
-156.68728794896566,71.30516083075368,1.4276298231468125
-156.5966963205815,71.30243353890752,0.33221708050148535
-156.68736237954408,71.30498306349946,0.7170156240820891
-156.59677194030803,71.30225581184347,0.08914547971847071
-156.68743740730156,71.30480532125102,0.3358546856481927
-156.59684724658598,71.30207807114984,-0.26034475813514557
-156.68751251665975,71.30462758244381,0.40328190617847726
-156.5969221550685,71.30190031383286,-0.40618113322897254
-156.687587426934,71.30444983533485,0.9989564641303933
-156.59699659263845,71.30172253666106,-0.09196542171853947
-156.68766206818458,71.304272076998,1.5713619525531577
-156.59707060786297,71.30154474192305,0.3362986488548431
-156.68773638419765,71.30409430506663,1.637379860182662
-156.5971441785902,71.30136692814395,0.5805724296716385
-156.68780986764125,71.3039164983434,0.8796154040582103
-156.5972171178749,71.30118908805055,0.653839744906473
-156.68788222312185,71.30373864442566,-0.10177959583926603
-156.59728933341393,71.30101121698256,0.6572746614412214
-156.59736129042506,71.30083333514654,0.6970300320526196
-156.597433337501,71.30065545671918,0.7849549010511654
-156.59750563788475,71.3004775891303,0.8236925684356765
-156.59757832533865,71.30029973817987,0.7693399479807965
-156.59765141483865,71.30012190433403,0.777200477112751
-156.68831282345536,71.3026713736161,0.17511963104479517
-156.59772532756665,71.29994410486671,0.8657392917066752
-156.68838737305657,71.30249361171018,0.32595541497647973
-156.59780037328267,71.2997663539373,0.8982602175289423
-156.688462544858,71.30231587581589,0.16153559979788545
-156.59787598284834,71.29958862705776,0.8893330461275591
-156.6885380088301,71.30213815216179,0.07379586109486948
-156.59795153686832,71.29941089752315,0.8629387711120801
-156.68861338689567,71.3019604249505,0.9094786718451977
-156.5980267909972,71.2992331553657,0.8726662348733774
-156.68868865924185,71.30178269334283,1.7641991542908675
-156.5981015523331,71.29905539213017,0.9186070601195151
-156.6887637138904,71.30160495264259,2.181640644547117
-156.5981757753566,71.2988776066973,0.9147002534958578
-156.68883823068256,71.30142718945854,2.5631739590257476
-156.5982490483318,71.29869978047388,0.8710185865796444
-156.6889115395369,71.30124937576493,2.698086533683534
-156.59832072253442,71.29852188662151,0.8880473514348667
-156.68898415586818,71.30107153312342,2.652011979764999
-156.59839154147608,71.29834395712827,0.9442824626369007
-156.6890565672498,71.30089368193353,2.7018807264453657
-156.59846237395914,71.29816602771598,0.9490688651407273
-156.68912894661833,71.30071582940671,2.9207494555496143
-156.59853356097778,71.29798811365997,0.9438716317303152
-156.68920142587558,71.30053798108584,3.552188790423345
-156.59860540931356,71.29781022754216,0.9428521413821944
-156.68927417979347,71.30036014428742,3.9217936994693807
-156.5986780694833,71.2976323755951,0.91714897962354
-156.6893473615412,71.3001823254121,3.77291608052245
-156.59875193111634,71.29745457472475,0.9124003548130427
-156.68942166180858,71.30000455337257,3.68307710069348
-156.59882779106016,71.29727685839768,0.9409923915726449
-156.689496684964,71.29982681158512,3.6839717721871215
-156.59890519160405,71.29709920714905,0.9290246211887476
-156.6895715612062,71.29964906368642,3.732026114524852
-156.59898305638416,71.29692157595301,0.8926044033362714
-156.68964610185702,71.29947130175815,3.7156153996052272
-156.5990610237443,71.29674394906074,0.8957695020484958
-156.68972003747587,71.29929351452834,3.624391693914086
-156.5991387328005,71.29656631143646,0.9072481989548635
-156.6897932865724,71.29911569861656,3.5366285825011134
-156.5992159370553,71.29638865198935,0.9066586709446106
-156.6898657320777,71.2989378490955,3.4788362421573784
-156.5992922782765,71.2962109560803,0.9019209208320448
-156.68993644154727,71.29875992696036,3.4707654945084774
-156.59936683462035,71.29603318475507,0.9179270341408705
-156.69000589652325,71.29858195235681,3.5140656302228446
-156.599439908852,71.29585535086983,0.9517086332968832
-156.69007521063054,71.29840397187151,3.568712108664466
-156.59951240152964,71.29567749206765,0.9782614148671905
-156.69014477569397,71.29822600190828,3.583162936193616
-156.59958456994525,71.29549961972042,0.9774546690704174
-156.69021491542765,71.29804805602926,3.563769115328397
-156.5996566701828,71.29532174448832,0.9214674188991724
-156.69028586365278,71.29787014399878,3.56543621961854
-156.6903577143613,71.29769226975263,3.5794559959950747
-156.59980153902757,71.29496602283746,0.9488539271386157
-156.69043152562534,71.2975144775792,3.5484340160063605
-156.59987525048308,71.29478821590305,1.065812518466312
-156.69050721200324,71.29733676389736,3.5100307773737045
-156.5999499717501,71.2946104518411,1.1017563785287638
-156.69058344399087,71.29715907305322,3.5144690747867036
-156.6000249405979,71.29443269791199,1.088843447595909
-156.69065986124878,71.29698138999646,3.5086340784093744
-156.60010000550977,71.29425494857252,1.1043079105195046
-156.69073613435398,71.29680370092984,3.465317897846116
-156.6001750183833,71.29407719690712,1.1333898810938594
-156.6908119904365,71.29662599443533,3.3766604436846848
-156.6002498520242,71.29389943745763,1.1500771073391587
-156.6908873037654,71.29644826525643,3.2282765460475353
-156.60032447940262,71.29372166964671,1.1550766289635879
-156.69096110012424,71.29627047262188,3.108437791313218
-156.60039827009882,71.29354386618336,1.231023165827639
-156.69103336109083,71.29609261575209,2.9083796540849662
-156.60047126045276,71.29336602898853,1.406780463398454
-156.69110510693133,71.29591473738414,2.6382559124950684
-156.60054424203088,71.2931881915643,1.671521277913754
-156.69117661738437,71.29573684909828,2.565396810238239
-156.60061740237882,71.29301036141406,1.8859368003947214
-156.6912482966718,71.29555896801885,2.593601516410806
-156.6006909161042,71.2928325462393,1.9529532908235514
-156.6913204168,71.29538110534925,2.8475271494194248
-156.60076491489838,71.29265475183287,1.9611348780868578
-156.69139299741892,71.29520326197182,3.107815432568005
-156.60083942062693,71.29247697894796,1.9747636581291803
-156.69146682518755,71.29502547079557,3.2250483102864647
-156.60091503263618,71.2922992529678,2.0245812093270783
-156.69154203465905,71.29484773747049,3.2928907547003985
-156.60099173569336,71.29212157314066,2.0623710029126405
-156.69161793835565,71.2946700332225,3.3303909475767117
-156.60106874920518,71.29194390640329,2.096992619737226
-156.6916942820302,71.29449234740031,3.340619973092321
-156.6011457634798,71.29176624001758,2.1190284054186117
-156.691770806754,71.29431466918237,3.373912676785253
-156.60122255788525,71.29158856403734,2.182434354060499
-156.69184727361016,71.29413698857837,3.428686053039942
-156.60129892562315,71.29141087005044,2.276401378548125
-156.69192347023068,71.29395929668568,3.4986636851148836
-156.6013747799201,71.29123315412578,2.288340502489605
-156.69199919590062,71.29378158510947,3.544331835076131
-156.60144957258035,71.29105539362985,2.290859285982413
-156.69207435001624,71.29360384964937,3.553789315571642
-156.6015232042809,71.29087758404472,2.3321184438654314
-156.69214872474942,71.29342608159776,3.5221562133721696
-156.60159626522926,71.29069974999071,2.3855866030531914
-156.69222222679895,71.29324827704603,3.452706330943027
-156.6016690245305,71.29052190324026,2.48233616774726
-156.69229480636102,71.29307043391584,3.373815008440849
-156.60174168116077,71.29034405223925,2.5640099694590663
-156.69236649210973,71.29289255340406,3.3056105188702847
-156.601814411409,71.29016620450325,2.623734613462034
-156.69243753620037,71.29271464606586,3.213354172298255
-156.6018873257692,71.28998836443509,2.7213889103014206
-156.69250750783408,71.29253669386104,3.1019547926659348
-156.60196080262585,71.28981054807674,2.78367188768087
-156.78333093551032,71.29504903312767,0.11031942151664792
-156.6925762417443,71.29235868987416,3.0089565368915485
-156.6020350009739,71.28963276287955,2.7616437795086224
-156.78340217460095,71.29487114040913,-0.08760979487543442
-156.6926448169849,71.29218067927815,3.0006587912109284
-156.6021096519363,71.28945499643307,2.7069369344705465
-156.7834735610968,71.29469326050032,-0.16090931757054536
-156.6927140016312,71.29200269420207,3.04034099717949
-156.60218457490657,71.28927724160458,2.692999489102184
-156.69278420844756,71.29182475191956,2.989692844644694
-156.60225967174807,71.28909949397479,2.7191525182485745
-156.69285575759056,71.29164686583124,2.908386324429787
-156.60233483135323,71.28892174933856,2.734986154851956
-156.7836902178695,71.29415971888807,-0.05826919988287097
-156.6929285443499,71.29146903156604,2.9304621519677996
-156.60240995770943,71.28874400326085,2.7439256401904597
-156.7837634935443,71.2939819138363,0.08686191991350752
-156.69300350635308,71.29129128836105,2.9525545941833866
-156.6024848772431,71.28856624804382,2.7873343910413504
-156.783839002114,71.29380420403223,0.3084114361292603
-156.6930811345224,71.2911136567549,2.9223588897651207
-156.60255945578479,71.28838847896772,2.7802425853820742
-156.7839146586241,71.2936264992319,0.5260545347856131
-156.69316000413517,71.29093607713554,2.9460526794314297
-156.6026337144237,71.2882106961406,2.7384985416960714
-156.78399019057395,71.29344878933311,0.9314214093798389
-156.69323897577402,71.29075850180922,2.9786747930345703
-156.60270766396354,71.28803290021489,2.7557089052406734
-156.78406526174075,71.29327105983694,1.531078044740566
-156.6933174460517,71.29058090552574,3.0063462836363515
-156.602781283451,71.28785509047133,2.7735937692362507
-156.784139374914,71.29309329244727,2.654888967043337
-156.69339494876846,71.29040326877512,3.036277195052945
-156.6028545811563,71.28767726694083,2.7814502851158402
-156.78421281126577,71.2929154953054,3.618086786204199
-156.6934712033027,71.29022557980558,3.0596575693899903
-156.60292754508953,71.28749942930318,2.799164317991145
-156.7842850602002,71.29273765002922,4.004291406745882
-156.69354526143815,71.29004779894008,3.091708078367785
-156.60300024206987,71.28732158024057,2.798320268768558
-156.78435558098334,71.29255973231308,4.484839162004334
-156.69361617038203,71.28986988629997,3.142259606612212
-156.60307272343266,71.2871437225684,2.8069488174944572
-156.78442471856016,71.29238175790476,5.158116588893462
-156.69368496705545,71.2896918852897,3.1974382739071987
-156.6031450185078,71.28696585688903,2.8379245884736664
-156.7844934497665,71.29220376632489,5.5843484520069815
-156.6937527956742,71.28951384378516,3.206415560624788
-156.60321714582068,71.28678798367224,2.878469719928304
-156.7845620816367,71.29202577173685,5.821659668903594
-156.69382020253477,71.28933578465559,3.208370455563992
-156.60328917007632,71.28661010657922,2.946441186145988
-156.78463090804235,71.291847784953,5.931708012950047
-156.69388767899613,71.28915772844658,3.228463809329268
-156.6033611610332,71.28643222792101,2.9493519588704378
-156.78470009005804,71.29166981231988,6.019466476887544
-156.69395559862426,71.28897969081328,3.27728349504013
-156.60343322838582,71.2862543526264,2.899939219381481
-156.78477001697377,71.29149187047497,6.139993359445377
-156.69402476046395,71.28880170519761,3.325198555916236
-156.60350534232202,71.28607647936913,2.8750331657291053
-156.78484122924817,71.29131398215137,6.31224082653754
-156.69409594972433,71.28862380444681,3.3506528508570637
-156.60357743490044,71.28589860489974,2.8723637744268444
-156.78491365611114,71.29113614456037,6.515999541263488
-156.69416883779297,71.28844597482463,3.379609665300297
-156.60364977385,71.28572074131928,2.874418122618943
-156.78498668514874,71.2909583303903,6.661610181990643
-156.69424261031816,71.28826818223258,3.4151239214434086
-156.60372261155743,71.28554289888771,2.88230202459679
-156.7850601974336,71.29078053730329,6.733294945175408
-156.69431707908302,71.28809041881057,3.4752558454103153
-156.6037960481773,71.28536508157937,2.892105048964649
-156.78513402024493,71.29060275764597,6.846821468986089
-156.69439200966735,71.28791267473896,3.476615154653657
-156.60387014337164,71.28518729188546,2.9136010359825386
-156.7852079445703,71.29042498124946,7.038317981181417
-156.6944672577498,71.28773494398652,3.4605410216133246
-156.60394486358234,71.28500952885781,2.955983218559151
-156.78528184799234,71.29024720489492,7.142988138884099
-156.6945424483274,71.28755721084524,3.513533706992276
-156.60402034774148,71.28483179833036,2.9716904562413835
-156.7853553606784,71.29006941155085,7.129062798925695
-156.6946169322989,71.28737944815072,3.539686281173602
-156.6040968780053,71.28465411225812,2.9911333835256784
-156.78542843249903,71.28989160022287,7.203611543646604
-156.69469094406247,71.28720166572116,3.517515853667574
-156.60417403832196,71.2844764525678,3.0466837411048497
-156.78550131815024,71.2897137810843,7.373908880719548
-156.69476497236099,71.28702388400457,3.5373975061357243
-156.6042511308363,71.28429879069206,3.0642253278605716
-156.78557408650846,71.28953595738774,7.5040392754789975
-156.6948390998029,71.2868461064627,3.5736101926424846
-156.60432787834367,71.28412111375191,3.0760181616624904
-156.78564671858504,71.28935812806662,7.698703906926252
-156.69491338700425,71.28666833562174,3.5940225827444645
-156.6044040254099,71.28394341133621,3.1042498898501596
-156.78571926767938,71.28918029463797,7.8985814651147646
-156.6949878759698,71.28649057326058,3.6097772503647874
-156.60447947161447,71.28376567931035,3.1048456802018145
-156.78579183190647,71.28900246307391,7.916056279938741
-156.69506260672904,71.28631282104367,3.6313152306050616
-156.60455391046696,71.2835879047737,3.1069875501750652
-156.78586450516337,71.28882463542111,8.000886815697081
-156.6951379696086,71.28613509529177,3.6953555542477337
-156.6046268040992,71.2834100649039,3.097428555545507
-156.78593720104675,71.28864680922906,8.253811593976135
-156.69521381173377,71.28595738962517,3.74625978864925
-156.60469857121967,71.28323217694722,3.10553187679737
-156.78600988048356,71.28846898184774,8.340587809187264
-156.69528945909633,71.28577967583723,3.77185628855209
-156.6047699670791,71.28305427343095,3.098155308821653
-156.7860824868198,71.28829115126892,8.377430925731243
-156.69536472912176,71.2856019462826,3.7907540418024634
-156.60484125153067,71.28287636553519,3.0237923448182147
-156.78615490548157,71.28811331368912,8.625913339567509
-156.6954394405712,71.28542419336064,3.8135072525797744
-156.60491269500284,71.28269846430896,3.014248833296406
-156.78622710980278,71.28793546578822,9.060796898919955
-156.69551342361797,71.2852464099797,3.862209634881201
-156.60498451428606,71.28252057902311,3.073437328993022
-156.78629930322757,71.28775761929636,9.175228527166169
-156.6955866374496,71.28506859443644,3.8804549656054563
-156.60505691366814,71.28234271820116,3.0829291529365217
-156.78637131876235,71.28757976441393,9.04153675912044
-156.69565868880727,71.28489073026383,3.8678086261689275
-156.60513054454645,71.28216490974121,3.0414117027848397
-156.7864430429612,71.28740189754193,9.060663746145789
-156.69572957724938,71.28471281744736,3.8829990419111735
-156.6052053574437,71.281987151021,3.052388632937098
-156.7865146859774,71.28722402761672,9.094381909430822
-156.69579996699133,71.28453488376876,3.910764744918998
-156.60528065773929,71.28180941302949,3.0789113836666377
-156.78658619933185,71.28704615264593,9.386010111958338
-156.69587002628612,71.28435693628676,3.9426073164218827
-156.60535628078833,71.28163168899523,3.10394162216554
-156.78665760625938,71.28686827245413,9.96670097218811
-156.69593998727066,71.28417898472276,3.9724063188754957
-156.60543203332577,71.28145397071498,3.1513080294438973
-156.78672915334903,71.28669039880339,10.226282775225085
-156.6960100440598,71.28400103717996,3.9775745831093268
-156.6055077510731,71.28127625048546,3.1621398566463164
-156.78680080489818,71.28651252944064,10.218644690325215
-156.69608035069166,71.28382310011992,4.013914077113869
-156.60558331180857,71.28109852354784,3.1663747321750675
-156.78687270217927,71.28633466980384,9.95359173851127
-156.69615130878117,71.28364519035739,4.038752222230651
-156.60565824095818,71.28092076989613,3.20063175553995
-156.78694469924562,71.2861568144487,9.820431222220174
-156.69622305825055,71.28346731372667,4.0452597604518825
-156.60573248468484,71.28074298753178,3.2219931591850695
-156.78701660698948,71.28597895550963,9.894663009012397
-156.69629532794232,71.28328945890351,4.045064143432345
-156.60580652899972,71.28056519652677,3.2108591541385683
-156.78708834572058,71.28580108934425,10.242240448656165
-156.6963680655195,71.28311162367896,4.0485874314913
-156.60588045497406,71.28038740074402,3.2016843540114617
-156.78715985176876,71.28562321459074,10.928123439019583
-156.69644126294446,71.28293380771946,4.077673020450024
-156.605954347099,71.28020960353494,3.2145145284546115
-156.78723125247666,71.28544533495564,11.489714047139017
-156.69651486497855,71.28275600871977,4.104745044959099
-156.60602828798483,71.28003180817839,3.281700658581811
-156.78730256564927,71.28526745134931,11.812573967084619
-156.60610230668,71.2798540164957,3.3121510334741413
-156.78737368297016,71.28508955924444,12.108816933561322
-156.69666298318015,71.28240044905455,4.101180587962673
-156.60617667973753,71.27967623935857,3.264427546791372
-156.78744460155303,71.28491165919355,12.276948102896958
-156.69673715616847,71.28222267400962,4.112049966867038
-156.6062514482885,71.27949847941325,3.222204847114637
-156.7875154600447,71.28473375655211,12.243661019838171
-156.6968115958507,71.28204491016162,4.1213028051442295
-156.60632630929183,71.27932072327107,3.1980907188985244
-156.78758630180607,71.28455585424449,11.97928102939929
-156.69688633684603,71.28186715895183,4.153256583572734
-156.60640116790057,71.27914296694999,3.163965571305757
-156.7876571148272,71.28437795048877,11.654925870330706
-156.69696135994673,71.2816894195685,4.214052728573719
-156.6064759489377,71.27896520786548,3.1401501012262734
-156.78772793048523,71.28420004690109,11.37843691092062
-156.69703662746974,71.2815116904391,4.240735955843345
-156.6065505923521,71.27878744231336,3.1681686273547274
-156.78779892737782,71.28402214972061,10.904670225139007
-156.6971120048097,71.2813339659305,4.279248612639983
-156.60662504440114,71.27860966864411,3.203426940484927
-156.7878700104593,71.28384425728348,10.400102572347272
-156.69718779631853,71.28115625879101,4.351832414640304
-156.60669914022077,71.27843188063963,3.1799346099000143
-156.78794114555387,71.28366636731714,10.190466833572122
-156.6972639687708,71.2809785676204,4.401912647722832
-156.60677283105287,71.2782540750489,3.1156120834207477
-156.78801253363247,71.28348848713605,10.162111447446907
-156.69733995154797,71.28080086853254,4.409295091795872
-156.60684629292348,71.27807626001328,3.081132469578693
-156.78808430200496,71.28331062229122,10.320419687008648
-156.69741546060953,71.28062314964293,4.483650444653275
-156.60691958527684,71.27789843750321,3.054242350899214
-156.7881565195862,71.28313277659115,10.54822266206022
-156.69749035653297,71.28044540511686,4.6128593711313775
-156.60699273320785,71.27772060894736,2.9675335686488493
-156.78822938504783,71.28295495814174,10.476177184541974
-156.69756452419017,71.28026763012485,4.77801754585071
-156.60706579375136,71.27754277692026,2.8870149081057135
-156.7883027911256,71.28277716133738,10.294990666759453
-156.69763804796787,71.28008982819875,5.02948274938651
-156.60713878789693,71.27736494188328,2.841719279642466
-156.78837674933743,71.28259938755939,10.292291760812676
-156.69771035591043,71.27991197540214,5.296803866317293
-156.6072118557587,71.27718711007802,2.7178976964062476
-156.78845128999995,71.28242163801231,10.31449218986557
-156.69778142614166,71.27973407083411,5.52518144344272
-156.6072850457375,71.27700928369696,2.5249447814822656
-156.78852617476082,71.28224390294277,10.35561709318604
-156.69785200292006,71.27955614561758,5.824482181909782
-156.60735827126302,71.27683145877035,2.3436525653134184
-156.7886012774096,71.2820661765396,10.276785349927627
-156.6979226204362,71.27937822213597,6.134209423889724
-156.60743150310748,71.27665363415622,2.1712596267728856
-156.78867640344282,71.28188845131655,10.219850387785078
-156.6979935550395,71.27920031195082,6.403881616521368
-156.6075047398022,71.27647580941147,1.943411053117427
-156.7887513777721,71.28171071972895,10.299588664671406
-156.69806510619554,71.27902242759366,6.651254209422754
-156.60757798885692,71.2762979850895,1.6841426071225343
-156.78882611240783,71.2815329784973,10.354695613555656
-156.69813733224515,71.27884457150982,6.877342165621285
-156.6076513040274,71.27612016391824,1.5038348442387395
-156.78890051846884,71.28135522343017,10.420283042606359
-156.6982107893279,71.2786667669802,7.100752483052301
-156.60772453471867,71.27594233983177,1.4209759269506919
-156.7889744083235,71.28117744704454,10.783603038937974
-156.69828576287307,71.2784890259551,7.286756870214622
-156.60779765242887,71.27576450999004,1.4414235523785623
-156.78904777199875,71.28099964882492,11.178902146812877
-156.69836152945447,71.27831131815354,7.428587410680751
-156.60787090468483,71.27558668580471,1.6188969359204197
-156.7891206150657,71.28082182941365,11.379018630032139
-156.69843768330742,71.27813362658914,7.545231688606766
-156.60794442340483,71.27540887351716,1.8800909166286337
-156.78919292427906,71.28064398779534,11.53402972159689
-156.69851394294824,71.27795593947435,7.6472811177203175
-156.60801823380234,71.27523107363517,2.0969992047769686
-156.78926477219898,71.28046612746544,11.384515597119998
-156.6985900521894,71.277778246086,7.708949633185923
-156.60809237411274,71.27505328765517,2.2874242883489884
-156.78933626996297,71.28028825218107,10.798985996746858
-156.69866578718836,71.27760053705504,7.79604653304667
-156.60816679173502,71.27487551299092,2.4344884420259065
-156.78940726230718,71.28011035593487,10.334029151229876
-156.69874078054886,71.27742279700094,7.927019762346235
-156.60824172060762,71.27469776057548,2.50025562328769
-156.78947732488967,71.2799324217636,10.314128629986373
-156.69881474285404,71.27724501381351,8.046649722836655
-156.60831725118805,71.27452003346137,2.505639593256898
-156.7895471899859,71.27975447891238,10.418245752059006
-156.69888776069672,71.27706719111465,8.184011529723831
-156.60839295169853,71.27434231386518,2.5602440675360407
-156.7896171885808,71.27957654191086,10.683967832403578
-156.69895990091788,71.27688933170113,8.344190459042899
-156.60846855339037,71.27416458965156,2.6410852652462693
-156.78968757159373,71.27939862025886,10.937609414622186
-156.69903119466096,71.27671143687226,8.469906422911546
-156.60854390507075,71.27398685448239,2.6574345720091403
-156.78975878698418,71.27922073423966,10.807540159241759
-156.69910175037745,71.2765335111771,8.545250876185692
-156.60861888337018,71.27380910424645,2.633956607965857
-156.78983057410812,71.2790428708442,10.43160534616583
-156.69917170631464,71.27635556038652,8.631490923464785
-156.60869351188592,71.27363133930044,2.6318059385358716
-156.78990326326573,71.27886504518015,10.294903298658655
-156.69924110517206,71.27617758631027,8.703975991865033
-156.6087674177296,71.27345354363172,2.6817022491975995
-156.78997709883572,71.27868726703441,10.501650207454617
-156.69931006828216,71.2759995940296,8.755399889768615
-156.6088404028519,71.27327570913445,2.7223766390671864
-156.79005178275008,71.27850952382859,10.649786174729938
-156.69937888932327,71.27582159581475,8.802564687510166
-156.6089128710085,71.27309785218509,2.7175642295729387
-156.79012676122954,71.27833179305895,10.792157894308357
-156.6994479170894,71.27564360627646,8.830471885517614
-156.60898527901992,71.27291999297516,2.7324085578281276
-156.79020173572508,71.27815406173784,11.03740325219179
-156.6995173583141,71.2754656340671,8.896399548818774
-156.60905782477482,71.27274213961341,2.7909654174843914
-156.79027649342441,71.27797632200758,11.277230387193471
-156.6995873938239,71.27528768675963,8.980811273404182
-156.60913069317974,71.27256430005414,2.8377089428745372
-156.79035101045872,71.27779857189945,11.2651410326082
-156.69965814095877,71.2751097692516,9.067234866556747
-156.60920396451962,71.27238647767753,2.8685866389654446
-156.79042489120138,71.27762079565917,11.092595739045393
-156.69972981485057,71.27493189056004,9.167407199951963
-156.60927794107306,71.27220868484412,2.8717331048589
-156.79049758675592,71.2774429702569,11.15390953906795
-156.69980266107007,71.27475406097611,9.222794079751646
-156.60935296627764,71.27203093687359,2.887870522282922
-156.7905693236862,71.2772651055456,11.384200330972979
-156.69987643888453,71.27457627040752,9.327813729974135
-156.60942864440284,71.27185321647028,2.963428566351275
-156.79064060110142,71.27708722185744,11.596243713967764
-156.69995090996622,71.2743985088775,9.464137347386306
-156.6095045956123,71.27167550718272,3.0540136217753298
-156.79071160529725,71.27690932632667,11.772527174619578
-156.7000259044541,71.2742207692875,9.585677172896707
-156.6095806417083,71.27149780208457,3.082236548257976
-156.79078247577468,71.27673142592944,11.90525858503857
-156.70010124738343,71.27404304430415,9.734431114814214
-156.6096566020119,71.27132009387888,3.0826836349181552
-156.79085328417347,71.27655352287539,12.116746513758038
-156.70017678744705,71.27386532759527,9.87320981469557
-156.6097323435569,71.27114237624124,3.104863502381221
-156.79092426416213,71.27637562675135,12.367726780953708
-156.70025233403192,71.27368761119003,9.983851684177953
-156.60980766005292,71.27096464034153,3.163029903986323
-156.79099581753144,71.27619775416771,12.514421479379395
-156.70032768089425,71.27350988644388,10.080136201220876
-156.60988234754268,71.27078687809436,3.264922071934143
-156.7910678637952,71.2760199020482,12.650467817697237
-156.70040272277555,71.27333214896372,10.1678479035902
-156.60995642593247,71.27060908984517,3.305696758264438
-156.79114004969716,71.27584205616076,12.820692410168155
-156.70047745354356,71.27315439848509,10.22504506441332
-156.6100300237248,71.27043128155938,3.3160474025545974
-156.7912123423087,71.27566421440224,12.959994001289664
-156.70055176599726,71.27297663051122,10.288719380907795
-156.61010316821114,71.27025345421617,3.3691021704320083
-156.79128469238742,71.27548637518748,13.069657082289599
-156.70062565202755,71.27279884471831,10.405154470499443
-156.6101759406618,71.2700756105863,3.4398302412424147
-156.79135707402457,71.27530853726032,13.139584276720164
-156.70069908981645,71.27262104017161,10.532779032802516
-156.61024845399322,71.26989775617803,3.5113436956631494
-156.7914294335759,71.27513069874752,13.23322008505507
-156.70077208046393,71.27244321692889,10.588206489213636
-156.61032074636069,71.26971989284459,3.4920950508874378
-156.79150140690854,71.2749528438564,13.392700359125325
-156.70084457531027,71.2722653729573,10.66075314751809
-156.61039275004032,71.26954201677925,3.3391186020612644
-156.79157311319136,71.27477497768746,13.518444164044128
-156.70091665278153,71.27208751154264,10.79066288583623
-156.61046470397469,71.26936413866133,3.14794470340129
-156.79164499469334,71.27459711922712,13.631841694915394
-156.70098849383686,71.2719096402495,10.83488626256269
-156.61053699998126,71.26918627573421,3.068503100774836
-156.79171716468704,71.27441927275967,13.738157813199743
-156.7010601930134,71.27173176303924,10.805201037112496
-156.61060978781325,71.26900843317554,2.9738808314583323
-156.79178970695415,71.27424144146667,13.766075321803463
-156.70113183191472,71.27155388332719,10.817783733008383
-156.61068317742263,71.26883061603819,2.831883121709806
-156.79186265395674,71.27406362689035,13.787720755788644
-156.70120350729826,71.27137600516299,10.82531394957393
-156.61075718719894,71.26865282501032,2.781526858639293
-156.79193595328906,71.27388582696629,13.837430253099878
-156.70127530417437,71.27119813211092,10.80547588141435
-156.61083188103055,71.26847506334641,2.82284822923703
-156.79200997580165,71.27370805738691,13.886769913643457
-156.70134730389668,71.27102026758125,10.798657077954076
-156.61090771967577,71.26829735035005,2.967487048010726
-156.792084676238,71.27353031590867,13.892936401457034
-156.70141955651127,71.27084241366181,10.792273688462767
-156.61098445422795,71.26811967502329,3.0851017009249824
-156.79215935559262,71.27335257303635,13.909298309929971
-156.7014920465371,71.27066456970738,10.773550442840126
-156.61106115256825,71.26794199811495,3.025552022015682
-156.79223378880397,71.27317481999054,13.934590737500208
-156.70156478615115,71.27048673621805,10.788977888138326
-156.61113748921127,71.26776430599392,2.9549199569718914
-156.7923077868603,71.27299704928531,13.925508606774073
-156.70163776082052,71.27030891259422,10.799991495359428
-156.6112132450528,71.26758658945634,3.0308726516202897
-156.79238117554547,71.27281925329402,13.877594255762112
-156.70171094764163,71.2701310978766,10.755940072982282
-156.61128814916447,71.26740883667841,3.219728966172558
-156.79245388698746,71.272641429237,13.810517636393751
-156.70178426924002,71.26995328881861,10.708275923549564
-156.61136223234894,71.26723104936453,3.38923907160869
-156.79252543990606,71.2724635576278,13.770994774979727
-156.70185787756225,71.26977549179045,10.669754244703357
-156.6114344860879,71.26705318421948,3.5193167470341784
-156.7925958712059,71.27228563914589,13.751203858278974
-156.70193168964795,71.26959770332225,10.621046279475424
-156.61150516701474,71.26687525279208,3.6643533710207046
-156.79266566074148,71.27210769442942,13.726398624596522
-156.70200540482102,71.26941991081397,10.555430017083673
-156.61157536771293,71.26669730128755,3.7696207743802588
-156.79273498752661,71.27192973055281,13.670100441987382
-156.7020788958332,71.26924210894084,10.517176011885898
-156.79280406149803,71.27175175602402,13.58103792643133
-156.70215209633193,71.2690642949267,10.531694152593118
-156.7928730586699,71.27157377863543,13.461623878327885
-156.70222495428004,71.2688864665981,10.494225318139227
-156.7929421324896,71.27139580443803,13.350939886232887
-156.70229753781916,71.2687086268054,10.483090371710713
-156.79301152855783,71.27121784361438,13.260122523574196
-156.7023693842516,71.26853075617431,10.516686923084588
-156.79308140713874,71.27103990226983,13.114607583006562
-156.70244055622334,71.26835285733146,10.490845783172201
-156.7931517583845,71.2708619807018,12.950217760462102
-156.70251171175028,71.26817495781987,10.485919013346084
-156.79322259256503,71.27068407950853,12.800887398893362
-156.702583106896,71.26799706836768,10.489589021188019
-156.79329400289384,71.27050620200933,12.530946950208335
-156.70265489867268,71.26781919553805,10.467963679860242
-156.79336592966365,71.2703283458197,12.208591543174547
-156.70272722732682,71.26764134520494,10.440669817439032
-156.79343827634955,71.27015050726068,12.032408878679659
-156.70280002444508,71.26746351451581,10.420446418678907
-156.79351109544757,71.26997268794973,11.897132556574418
-156.7028740200089,71.26728573402721,10.409364161469636
-156.79358437468647,71.2697948878647,11.706315265366424
-156.70294922150322,71.26710800404405,10.386711343022682
-156.79365785008008,71.26961709599341,11.520152195963533
-156.70302463055566,71.26693028277388,10.370146327703447
-156.79373137473198,71.26943930595479,11.274299193379195
-156.70309983778043,71.26675255309043,10.354962014172298
-156.7938048403198,71.26926151375423,10.877992841177523
-156.79387808597437,71.26908371197398,10.419400158726216
-156.79395098634166,71.26890589650375,10.020508808042685
-156.79402339377845,71.26872806062218,9.69597683428363
-156.794095255814,71.26855020218954,9.462940919191738
-156.7941666169247,71.26837232227847,9.251303892097095
-156.79423751339817,71.26819442383254,8.963336945216293
-156.79430798339695,71.26801650808699,8.656066543443611
-156.79437807342646,71.26783857651652,8.406262345223942
-156.7944479353789,71.26766063501003,8.198548095857062
-156.79451747645464,71.2674826802457,7.999725037299073
-156.79458667382937,71.267304711569,7.798228409369337
-156.79465599115588,71.26712674813909,7.581349798179692
-156.79472577565616,71.26694880382792,7.3029822200111205
-156.79479618304447,71.26677088522858,6.949563318098861
-156.79486728606804,71.26659299523753,6.652964596456866
-156.7912134451488,71.28235492164714,10.44191677462742
-156.7912860513876,71.2821770858777,10.326172702295192
-156.79135837836373,71.28199924514185,10.347943972021033
-156.79143004680782,71.28182137787344,10.359776087834234
-156.79150120099143,71.28164348888772,10.3892091897984
-156.79157206270906,71.2814655787036,10.610107950186926
